Addresses,Age,Commission,Status,Swap Details
"0xd9…b663
bc1q…72vq","4 hours ago
Took 42m",$0.55,Success,"#608637
0.01 BTC
$1,098.46
1,089.88 USDC
$1,089.71
0.41968985 ETH
$1,090.07"
"0xd9…b663
bc1q…72vq","5 hours ago
Took 6m",$0.60,Success,"#608575
0.011 BTC
$1,210.18
1,200.48 USDC
$1,200.37
0.4610591 ETH
$1,198.98"
"bc1q…pw2e
0x47…9611","16 hours ago
Took 27s",$0.05,Success,"#607855
0.041644 ETH
$107.85
106.58 USDC
$106.56
0.00097044 BTC
$105.80"
"0xa3…ec28
bc1q…j8jz","18 hours ago
Took 10m",$134.29,"Success
27/27","#607604
2.462 BTC
$268,978.63
267,010.44 USDC
$266,967.46
266,835.473299 USDT
$266,922.02"
"0xd9…b663
bc1q…qkmn","21 hours ago
Took 17m",$0.73,Success,"#607226
0.01337 BTC
$1,460.85
1,452.02 USDC
$1,451.85
0.5643376 ETH
$1,450.83"
"0x27…bd5b
A9y7…4h9q","21 hours ago
Took 21s",$0.50,Success,"#607218
999.00 USDC
$998.87
992.49 USDC
$992.36
992.458591 USDC
$992.33"
"0xae…54a4
bc1q…xn4y","31 hours ago
Took 19m",$1.61,Success,"#606270
0.03 BTC
$3,229.13
3,207.14 USDC
$3,206.83
3,205.213529 USDT
$3,205.89"
"0xb7…6fd4
0xe0…669c","44 hours ago
Took 15m",$192.54,"Success
39/39","#605175
385,500.00 USDT
$385,523.54
382,832.69 USDC
$382,777.43
157.80796083 ETH
$381,006.36"
"0xb7…6fd4
0xe0…669c","44 hours ago
Took 7m",$124.87,"Success
26/26","#605163
250,000.00 USDT
$250,014.59
248,286.91 USDC
$248,246.36
102.66634596 ETH
$247,813.49"
"0x6d…9c63
bc1q…w4pw","2 days ago
Took 51m",$0.05,Success,"#604260
0.001 BTC
$106.48
104.94 USDC
$104.93
104.867608 USDT
$104.90"
"3Z4c…8uHB
0xc0…3081","2 days ago
Took 1m",$3.63,Success,"#604242
2.9745 ETH
$7,270.56
7,212.17 USDC
$7,211.47
48.57848609 SOL
$7,214.14"
"0x16…814a
bc1q…8vhf","2 days ago
Took 7m",$3.54,Success,"#603448
0.06606819 BTC
$7,094.49
7,041.537075 USDC
$7,040.82"
"bc1q…gld8
0xfc…1311","2 days ago
Took 1m",$132.80,Success,"#603332
265,890.839511 USDC
$265,864.90
2.46214103 BTC
$263,749.70"
"1EGA…YhyK
0x96…ee4c","3 days ago
Took 1m",$0.30,Success,"#602237
600.00 USDT
$600.11
596.1 USDC
$595.99
0.00551953 BTC
$594.57"
"0xae…54a4
bc1q…xn4y","3 days ago
Took 21m",$2.70,Success,"#601704
0.05 BTC
$5,412.09
5,368.11 USDC
$5,367.52
5,363.81897 USDT
$5,364.56"
"0xa3…ec28
bc1q…gld8","3 days ago
Took 13m",$104.06,"Success
21/21","#601530
1.9164 BTC
$208,419.83
206,895.38 USDC
$206,867.81
206,675.81304 USDT
$206,727.08"
"0xa3…ec28
bc1q…gld8","3 days ago
Took 20m",$243.51,"Success
49/49","#601389
4.50 BTC
$487,559.02
484,154.04 USDC
$484,100.58
482,945.225636 USDT
$483,021.21"
"bc1q…7wj2
0xc3…43f3","3 days ago
Took 3m",$41.14,"Success
9/9","#601333
82,376.873359 USDC
$82,368.61
0.7538242 BTC
$81,680.27"
"bc1q…yjgf
0xdc…61c7","3 days ago
Took 6m",$125.25,"Success
26/26","#601298
250,800.70788 USDC
$250,764.51
2.29912915 BTC
$248,700.69"
"bc1q…yjgf
0xc5…cbb2","3 days ago
Took 1m",$81.48,Success,"#601292
163,149.23494 USDC
$163,122.58
1.49589311 BTC
$161,771.41"
